system,imie,wzrost,waga,bmi
met,szymon,1.7,55.0,19.031141868512112
met,pseudonim,1.8,70.0,21.604938271604937